POSITIVA,POSITIVA,POSITIVA,POSITIVA,POSITIVA,POSITIVA,POSITIVA,POSITIVA,NEGATIVA,NEGATIVA,NEGATIVA,NEGATIVA,NEGATIVA,NEGATIVA,NEGATIVA,NEGATIVA,POSITIVA,POSITIVA,POSITIVA,NEGATIVA,NEGATIVA,NEGATIVA,POSITIVA,POSITIVA,NEGATIVA,NEGATIVA,POSITIVA,POSITIVA,POSITIVA,NEGATIVA,NEGATIVA,NEGATIVA,POSITIVA,POSITIVA,NEGATIVA,NEGATIVA,POSITIVA,POSITIVA,POSITIVA,NEGATIVA,NEGATIVA,NEGATIVA,POSITIVA,POSITIVA,NEGATIVA,NEGATIVA,POSITIVA,POSITIVA,NEGATIVA,NEGATIVA,SURPRESA,EMOÇÕES NÃO ESPECIFICAS,INDIFERENÇA
BENEVOLÊNCIA,BENEVOLÊNCIA,BENEVOLÊNCIA,BENEVOLÊNCIA,BENEVOLÊNCIA,BENEVOLÊNCIA,BENEVOLÊNCIA,BENEVOLÊNCIA,MALEVOLÊNCIA,MALEVOLÊNCIA,MALEVOLÊNCIA,MALEVOLÊNCIA,MALEVOLÊNCIA,MALEVOLÊNCIA,MALEVOLÊNCIA,MALEVOLÊNCIA,BEM ESTAR,BEM ESTAR,BEM ESTAR,MAL ESTAR,MAL ESTAR,MAL ESTAR,BEM ESTAR,BEM ESTAR,MAL ESTAR,MAL ESTAR,BEM ESTAR,BEM ESTAR,BEM ESTAR,MAL ESTAR,MAL ESTAR,MAL ESTAR,BEM ESTAR,BEM ESTAR,MAL ESTAR,MAL ESTAR,BEM ESTAR,BEM ESTAR,BEM ESTAR,MAL ESTAR,MAL ESTAR,MAL ESTAR,SEGURANÇA,SEGURANÇA,ANSIEDADE,ANSIEDADE,SEGURANÇA,SEGURANÇA,ANSIEDADE,ANSIEDADE,,,
AFEIÇÃO,AFEIÇÃO,AFEIÇÃO,AFEIÇÃO,GENTILEZA,GENTILEZA,GENTILEZA,GENTILEZA,ÓDIO,ÓDIO,ÓDIO,ÓDIO,AGRESSIVIDADE,AGRESSIVIDADE,AGRESSIVIDADE,AGRESSIVIDADE,FELICIDADE,FELICIDADE,FELICIDADE,SOFRIMENTO,SOFRIMENTO,SOFRIMENTO,LUCIDEZ,LUCIDEZ,LOUCURA,LOUCURA,ENTUSIASMO,ENTUSIASMO,ENTUSIASMO,DEPRESSÃO,DEPRESSÃO,DEPRESSÃO,ALÍVIO,ALÍVIO,PERTURBAÇÃO,PERTURBAÇÃO,SATISFAÇÃO,SATISFAÇÃO,SATISFAÇÃO,INSATISFAÇÃO,INSATISFAÇÃO,INSATISFAÇÃO,CORAGEM,CORAGEM,MEDO,MEDO,CALMA,CALMA,TENSÃO,TENSÃO,,,
AMOR,DESEJO,ADMIRAÇÃO,ATRACÇÃO,BONDADE,DOÇURA,PACIÊNCIA,HUMILDADE,RESSENTIMENTO,DESGOSTO,DESPREZO,IRRITAÇÃO,CRUELDADE,RAIVA,IRA,ORGULHO,FELIZ,PRAZER,RISO,DRAMA,DOR,CHORO,SAÚDE MENTAL,EQUILÍBRIO,DOENÇA MENTAL,DESIQUILÍBRIO,ALEGRIA,VIVACIDADE,ALERTA,TRISTEZA,FADIGA,APATIA,APAZIGUAR,LIBERTAÇÃO,AGITAÇÃO,REMORSO,ESTIMA,SACIEDADE,AGRADO,HUMILHAÇÃO,FRUSTRAÇÃO,DESAGRADO,AUDÁCIA,EXTROVERSÃO,PAVOR,INTROVERSÃO,TRANQUILIDADE,RELAXAMENTO,ANGÚSTIA,INQUIETUDE,,,
131,45,90,50,95,37,37,32,93,49,189,132,194,65,31,101,20,42,43,63,85,26,6,45,151,132,32,94,17,93,105,86,64,64,112,31,51,18,66,131,99,94,85,36,104,26,55,19,62,58,32,341,24
abraçar,ambição,aclamação,aprazível,acolhedor,acarinhar,conformação,brio,animosidade,asco,abandalhação,amuado,abruptamente,abusar,cólera,absoluto,afortunado,arrebatador,anedota,adversativo,agonia,choradeira,bem-estar,astuto,abstinência,aberração,alegrar,activo,alerta,abandonado,abarrotado,amorfo,acalmar,autenticidade,abalada,arrepender,abençoado,cheio,agradar,afronta,ausência,aborrecer,afrontar,autonomia,abominado,acanhado,acalmia,desanuviamento,aflição,alarido,abananado,afectado,alexitimia
abraço,ambicionar,aclamar,atractivo,acolhedor,aconchegar,conformado,briosa,antipatia,ascorosidade,abandalhado,amuar,abrupto,abusivo,colérico,altivez,beatitude,desfrutação,burlesco,adversidade,agoniar,choramingar,equilibrar,bom senso,abuso,absurdo,alegre,alacridade,alertar,abandonada,abarrotar,apatia,ajuda,autêntico,abalado,arrependido,abençoar,completa,agradáveis,afrontado,ausentar-se,aborrecidamente,ânimo,autónomo,abominar,acanhamento,brando,desanuviar,afligir,alarmante,abananar,afectar,ataraxia
adoração,ambicioso,admiração,atraente,acolher,amenidade,conformar,brioso,antipático,ascoroso,abandalhamento,amuo,agreste,agredir,encolerizar,altivo,beato,desfrutar,comédia,adverso,agónico,choramingas,razão,brilhante,adicto,anormal,alegremente,animação,atenção,abandonar,abater,apática,ajudar,cândido,abalar,arrependimento,apreço,completo,agradável,afrontamento,ausente,aborrecido,animoso,comunicativo,abominável,complexado,brandura,descompressão,aflitivo,alarmar,admiração,agudizar,desmotivação
adorada,anseio,admirado,atrair,acolhida,angelical,esperar,carácter,antipatizar,aversão,abandalhar,arrepiar,artificial,agressão,indignação,autólatra,contentamento,desfrute,cómico,azar,agonizante,chorão,razoável,brilhantismo,adoecer,anormalidade,alegrete,animado,atentamente,abandono,abatida,apático,aliviar,desbloquear,abalo,censurável,condescendência,fartura,agradavelmente,afrontosamente,carência,aborrecimento,arrojado,desinibição,amedrontado,complexo,calma,descomprimir,aflito,alarme,admirado,aperfeiçoamento,desmotivado
adorado,ânsia,admirar,charme,acolhimento,angélico,longânime,caracterial,charlatão,badalhocar,abominação,assediado,artificialidade,agressivamente,indignado,autolatria,contentar,desfruto,desentediar,azarar,agonizar,chorar,sanidade,cautela,adoentado,apanhado,alegria,animar,atento,afectação,abatido,atonia,alívio,desbloqueio,abalroação,compunção,condescendente,fastio,agrado,afrontoso,carenciar,adulteração,atrever-se,desinibido,amedrontar,embaraço,calmante,descontracção,amargor,alarmismo,embasbacado,aperfeiçoar,desmotivar
adorar,ansiar,admirável,decência,afabilidade,caloroso,longanimidade,despretensão,ciúme,baixeza,absolutista,assediador,artificialismo,agressividade,ira,bazófia,contente,estimulação,engraçado,azarento,agravação,choroso,saúde mental,cauteloso,afasia,aparvalhado,bem-humorado,aperaltada,concentração,amargoso,abatimento,atónico,apaziguado,descargo,abalroada,condenada,condescender,justeza,aprimorado,aniquilação,castração,adulterar,atrevido,desinibir,apavorado,embaraçoso,calmo,descontraído,amargura,alarmista,embasbacar,arrepiado,estóico
adorável,apetência,admiravelmente,deslumbrada,afável,carícia,pachorra,despretensiosamente,ciumento,conspurcação,admoestação,assediar,áspero,agressivo,iracundo,egocêntrico,êxito,estimulante,espirituoso,calamidade,agravamento,desengraçado,,circunspeção,agnosia,aparvalhar,bom humor,aperaltado,concentrado,cabisbaixo,abulia,atordoado,apaziguamento,desculpabilização,abalroamento,condenado,consideração,justiça,aprimoramento,aniquilamento,coibição,adultério,atrevimento,efusivamente,apavorante,inibição,descansado,descontrair,amarguradamente,apreensão,espantado,arrepio,impassibilidade
afectividade,apetite,adulação,deslumbrado,afavelmente,desculpa,pachorrentamente,despretensioso,desunião,conspurcar,admoestar,assédio,asquerosidade,agressor,irar,egocentrismo,felicidade,estimular,galhofa,calamitoso,agravante,desengraçar,,circunspecto,agorafobia,bêbado,brincadeira,aperaltar,concentrar,cancro,abúlico,atordoamento,apaziguar,desculpabilizar,abalroar,condenável,considerado,justiceiro,aprimorar,aniquilar,coibido,adúltero,audácia,efusivo,apavorar,inibido,descansar,distender,amargurar,apreensivo,espantar,arrepios,impassível
afectivo,apetitoso,adular,deslumbramento,altruísmo,desculpar,pachorrento,discreto,desunir,desconsolação,advertência,carrancudo,asqueroso,amaldiçoar,irascível,egocentrista,felicitação,euforia,galhofada,catástrofe,agravar,lacrimação,,equilibrado,alienação,bebedeira,brincalhão,arrebatado,despertado,contristar,adinamia,atordoante,apoiado,desenlaçar,abanação,contrição,considerar,justo,bela,avermelhado,coibir,chateado,audaciosamente,expansão,assombrado,inibir,descanso,distendido,angústia,contracção,espanto,atenção,impávido
afecto,aspiração,aplaudir,deslumbrante,altruísta,desenraivar,paciência,discrição,detestação,desconsolar,advertir,desbocado,astúcia,ameaça,rebelde,elação,felicitar,eufórico,galhofar,catastrófico,agravo,lacrimante,,equilíbrio,alienado,confusão mental,brincar,arrebatamento,despertar,cremação,adinâmico,atordoar,apoiar,desenlace,abanadela,contrito,cumprimentar,plenitude,belo,avermelhar,defeito,chatear,audacioso,expansividade,assombrar,insocial,despreocupação,distensão,angustiado,contraído,espantosamente,atento,imperturbalidade
afectuosa,aspirante,aplauso,deslumbrar,amabilidade,desenraivecer,paciente,humildade,detestar,desconsolo,afastado,desbocar,atrocidade,ameaçado,rebeldia,empertigado,feliz,êxtase,galhofeiro,derrota,atormentado,lacrimejar,,estabilidade,alienante,contra-senso,buliçoso,arrebatar,prevenção,cremar,astenia,atroador,apoio,desenlear,abanado,culpa,cumprimento,pleno,bonita,blasfemar,desistência,chatice,audaz,expansivo,assombro,introversão,fleuma,ócio,angustiador,contrair,espantoso,atitude,imperturbável
afectuosamente,aspirar,aprovação,encantada,amável,dócil,pacientemente,humilde,detestável,descontentamento,afastamento,desencantação,atroz,ameaçador,rebeldismo,empertigar,felizmente,extasiado,galhofento,derrotismo,atormentar,lacrimoso,,estável,alienar,delirante,desenfadar,brejeiro,prevenido,crematório,asténico,desconcentração,assistência,desenleio,afã,culpabilidade,deferência,realizada,bonito,blasfémia,desistir,chato,autodeterminação,expressividade,assustada,introvertido,fleumático,ociosamente,angustiante,desinquietação,espectacular,avermelhado,inabalável
afectuosidade,avidamente,aprovar,encantado,amavelmente,docilidade,permissão,humildemente,embusteiro,descontentar,afastar,desencantamento,austeridade,ameaçar,rebelião,enfatuar-se,fortuna,extasiar,gargalhada,desastre,comovedor,lágrima,,fino,alienável,delirar,desenfado,capitoso,vigiar,deprimente,atrofia,descuidadamente,assistir,desimpedido,agitação,culpabilizar,deferente,realizado,deleitação,blasfemo,dificuldade,contrariado,autodeterminismo,expressivo,assustadiço,mistério,harmonia,ociosidade,angustiar,desinquietar,espectacularmente,avermelhar,indiferença
afectuoso,avidez,aprovativamente,encantar,atencioso,docilmente,permissivamente,inferior,enciumar,descontente,amor próprio,desmesura,austero,bruscamente,refilão,envaidecer,prosperar,extático,gargalhar,desastroso,comovente,lamentação,,génio,aluado,delírio,desenfastiadamente,desembaraçado,vígil,deprimida,atrofiar,descuidado,beneficiente,desintegração,agitado,culpado,dignamente,repleto,deleitado,corar,dificultar,contrariante,aventura,extraversão,assustado,misteriosamente,harmonioso,ocioso,angustioso,desinquieto,estupefacto,avivar,indiferente
afeição,ávido,aprovativo,encanto,beleza,fofo,permissividade,inferioridade,execração,desgostar,arrogância,desprimor,barbaramente,brusco,refilar,envaidecidamente,próspero,exultação,graça,descalabro,comover,lamentar,,lucidamente,alucinação,desdizer,desenfastiar,desembaraçamento,vigilância,deprimido,burnout,descuidar,benefício,desintegrar,agitador,culposamente,dignidade,saciado,deleitar,descrédito,estorvar,contrariar,aventurar,extrovertido,assustador,misterioso,harmonização,relaxação,ânsias,esbaforido,imprevisto,beatificação,indolência
afeiçoada,capricho,atónito,excitação,benéfico,indulgência,permissivo,inferiorizar,execrar,desgosto,arrogante,desprimorar,barbaridade,brusquidão,revolta,envaidecido,sorte,exultar,gracejar,descambar,comovido,lamentável,,lucidez,alucinações,desembestadamente,diversão,desembaraçar,vigilante,deprimir,cansaço,descuido,benemerência,desintrincar,agitar,desleal,digno,saciar,deleitável,descrença,estorvo,contrariedade,aventureiro,incitabilidade,assustar,pudicamente,harmonizar,relaxado,ansiedade,esbaforir,inesperadamente,beatificar,indolente
afeiçoado,caprichoso,bestial,excitado,benevolência,indulgente,permitir,modestamente,execrável,desgostoso,autoridade,embirra,barbarismo,brutal,revoltado,envaidecimento,sortuda,festa,gracejo,desdita,condolência,lamentavelmente,,lúcido,alucinado,desenfreadamente,divertido,desempecer,vigília,desamparado,cansado,descuidosamente,benemérito,desirmanar,azáfama,deslealdade,encómio,saciável,deleite,descrer,falha,decepção,aventuroso,incitação,atemorizado,púdico,impassibilidade,relaxamento,ansiosa,hipertensão,inesperado,beato,indolentemente
afeiçoar,cobiça,bestialidade,excitante,benevolente,indulgentemente,perseverança,modéstia,falsário,desprazer,autoritário,embirração,bárbaro,brutalidade,revoltante,fanfar,sortudo,folia,graciosidade,desditoso,contorção,lamento,,meticulosamente,alucinante,desenfrear,divertimento,desempecilhar,,desamparar,cansar,descuradamente,benfeitor,deslaçamento,azafamar,desonestar,enobrecer,saciedade,deleitoso,desdouro,falhar,decepcionado,bravo,incitado,atemorizar,pudor,impassível,relaxante,ansiosamente,hipertenso,pasmado,bênção,indolor
afinidade,curiosamente,bestialmente,excitar,benévolo,mansidão,perseverante,modesto,falsidade,ignóbil,canceroso,embirrante,besta,brutalizar,revoltar,fanfarrão,ventura,jovial,gracioso,desdramatizar,contorcer,lamentoso,,meticuloso,alucinar,desequilibrado,divertir,diligência,,desamparo,cansativo,descurar,benfeitora,deslaçar,barafunda,expiação,enobrecimento,,delicioso,desemproar,falido,decepcionante,bravura,incitador,aterrador,pusilânime,límpido,relaxar,ansioso,inquietação,pasmar,bendito,insensibilidade
agradecer,curiosidade,contemplação,excitável,bondade,meigamente,perseverantemente,obedecer,falsidão,ignobilidade,castigar,embirrar,cruel,brutamontes,revolto,fanfarrear,venturoso,jovialidade,graçola,desfavorável,deploração,lamúria,,minúcia,amnésia,desequilibrar,enreter,diligenciar,,desanimada,colapso,desinteressado,catarse,desmantelamento,barafusta,expiar,estima,,elogiar,deslustrar,falir,decepcionar,capaz,incitamento,aterrar,pusilanimidade,manso,,apertar,inquietante,pasmo,boémia,insensível
agradecida,curioso,contemplar,fascinação,bondoso,meigo,perseverar,obediência,falsificação,impureza,castigo,embirrativo,crueldade,bruto,revolução,fanfarrice,,jovialmente,hílare,desfavorecer,deplorar,lamuriar,,minuciosamente,anorética,desequilíbrio,entretenimento,diligente,,desanimado,consternação,desinteressar,confortável,desmantelar,barafustar,falível,estimar,,elogio,deslustre,faltar,degradante,confiança,incitante,aterrorizado,reservadamente,melódico,,coagido,inquietar,sideração,boémio,invalidez
agradecido,desejar,encantador,fascinante,caridade,meiguice,persistência,obediente,falsificador,impuro,censura,embirrento,descortês,conflito,revolucionar,fanfarronar,,jubilar,hilariante,desfortuna,deplorável,lamuriento,,minucioso,anorexia,desestabilização,folgar,dinâmico,,desanimar,consternar,desinteresse,conforto,despegar,baralhada,falivelmente,homenagear,,engraçar,desmerecer,fome,desagradado,confiante,incitar,aterrorizador,reservado,melodiosamente,,coagir,inquieto,siderado,borrachão,inválido
agradecimento,desejável,encantamento,fascinar,caridoso,mimar,persistente,princípios,falsificar,imundíce,censurado,embravecer,descortesia,conflituoso,revolucionário,farsola,,júbilo,hilaridade,desgraça,deploravelmente,lástima,,moderado,asperger,desestabilizar,folgaz,dinamismo,,desesperado,debilitação,desleixado,consertar,despego,baralhado,falta,homenagem,,enriquecedor,desmerecimento,frustração,desagradar,coragem,incitativamente,aterrorizante,timidamente,melodioso,,compelido,inquietude,siderar,borracheira,neutralidade
alcovitar,desejo,encantos,fascínio,clemência,mimo,persistentemente,pundonor,falso,imundo,censurar,embravecimento,desnaturado,disputa,sublevação,farsolar,,jubiloso,humor,desgraçadamente,desolação,pranto,,parcimónia,autismo,desmentido,folgazão,dinamizar,,desesperança,debilitante,desleixamento,consolação,desprender,baralhar,improbidade,honorificamente,,enriquecedora,desonra,frustrada,desagradável,corajosamente,incitativo,aterrorizar,timidez,pacatamente,,compelir,opositor,sobressaltado,comovente,neutro
alcoviteira,desejoso,esplêndido,fenomenal,clemente,mimos,persistir,pundonoroso,hipocrisia,javardo,chacota,encanzinar,desnaturar,disputador,sublevar,fatuidade,,lépido,humorismo,desgraçado,desolada,soluçar,,parcimoniosamente,autista,desmentir,genial,empolgamento,,desesperante,debilitar,desleixar,consolada,desprendimento,bizarria,perda,honorífico,,esbelteza,desonrado,frustrado,desagradavelmente,corajoso,incitável,cagaço,tímido,pacatez,,constrangedor,perigo,sobressaltar,comover,
alcoviteiro,desiderato,esplendor,fogosidade,comiseração,mimoso,resignação,séria,hipócrita,lixeira,cínico,encrespado,desonestidade,disputar,tempestuoso,fátuo,,prazer,humorista,desgraçar,desolado,soluço,,parcimonioso,bipolar,desmiolado,genialmente,empolgante,,desesperar,decepar,desleixo,consolado,direito,bizarro,pesar,honra,,esbelto,desonrar,frustrante,desagrado,desaforado,independência,cagarolas,timorato,pacato,,constranger,perigosamente,sobressalto,comovido,
alcovitice,erótico,esplendorosamente,galar,compadecer,pequerrucho,resignadamente,seriedade,hipocritamente,lixo,cinismo,encrespamento,déspota,endiabrado,vandalismo,fausto,,regozijar,humorístico,desgracioso,desolador,,,perspicácia,bulimia,desordeiro,jucundo,empolgar,,desespero,desânimo,desmaiado,consolador,emancipação,bloqueio,remorsos,honrada,,estupendamente,desonroso,frustrar,desapontado,desaforar,independente,caguefe,,pacificamente,,constrangido,perigosidade,surpreendente,corar,
amada,erotismo,esplendoroso,interessado,compaixão,perdão,resignado,sério,hostil,moléstia,crítica,encrespar,despotismo,endiabrar,vândalo,faustoso,,regozijo,jocosidade,desventura,desolar,,,perspicaz,bulímica,despautério,ledo,emulação,,desproteger,desconforto,desmaiar,consolar,emancipar,confundir,reprovável,honradamente,,estupendo,despeito,impedimento,desapontamento,desavergonhado,linguareiro,cobarde,,pacífico,,constrangimento,perigoso,surpreendentemente,criatividade,
amado,erotização,fabulosamente,interessante,compassivo,perdoar,resignar,simplicidade,hostilidade,nojento,criticar,encruado,destruição,energúmeno,zanga,gabar,,sonhar,jocoso,desventurado,doença,,,ponderação,catatonia,desvairado,optimismo,emular,,desprotegido,desencorajador,desmaio,cura,francamente,confusão,resipiscência,honradez,,formoso,desprestigiante,imperícia,desapontar,descarado,sobressair,cobardia,,pacifismo,,constringir,perseguição,surpreender,criativo,
amante,esperado,fabuloso,interessar,complacência,perdoável,resistência,simplificação,hostilizar,nojo,depreciação,encruamento,destruidor,enfurecer,zangado,gabarola,,sonho,laracha,desventurar,doente,,,ponderado,catatónico,desvairamento,optimista,enérgico,,embotamento,desencorajamento,desmazelar,curado,franco,confuso,ruminação,honrado,,formosura,desprestigiar,inábil,descabidamente,descaramento,socialização,cobardolas,,pacifista,,desasossegado,perseguir,surpreendido,descoberta,
amar,esperança,fama,interesse,complacente,suave,resistente,simplificar,hostilmente,obscenidade,depreciar,encruar,destruir,enfurecimento,zangar,gabarolice,,suportável,palhaçada,drama,doer,,,ponderar,ciclotimia,desvairar,recreio,entreter,,embotar,desencorajar,desmazelo,curar,honestamente,convulsão,rumnar,honrar,,fruitivo,desprestígio,inabilidade,descabido,descoco,socializar,decapitação,,paz,,desasossegar,preocupação,surpresa,descobridor,
amiga,esperançado,fantástico,irresistível,comprazer,suavemente,resistir,simplista,impostor,obsceno,descasca,enervação,destrutiva,enraivar,,imodestamente,,triunfal,palhaço,dramaticamente,dolente,,,precaução,ciclotimica,desvairo,viver,entusiasmada,,endecha,desesperançar,dormitar,desafogado,honestidade,convulsionado,,honrosamente,,gabarito,difamação,inabilitar,desencantado,desembaraço,socialmente,degolar,,placidamente,,desasossego,preocupada,surpreso,descobrimento,
amiga,esperançar,glória,irresistívelmente,compreensivo,suavidade,suportar,,impostura,porcaria,descascar,enervado,destrutivo,enraivecer,,imodéstia,,triunfalismo,patético,dramático,dolorosa,,,prudência,ciclotimico,desvario,,entusiasmado,,enfadonho,desfalecer,embrutecedor,desafogar,honesto,convulsionar,,honroso,,gosto,difamar,inabilmente,desencantar,desembaralhar,sociável,demoníaco,,placidez,,desconchavar,preocupadamente,,descobrir,
amigável,esperançoso,glorificação,lascivamente,cordial,suavizar,tolerância,,imposturar,refugar,descompor,enervamento,destrutor,enraivecido,,imodesto,,triunfalista,pitoresco,dramatização,dolorosamente,,,prudente,cleptomania,devaneio,,entusiasmante,,entediado,desfalecido,embrutecer,desafogo,impoluto,convulsivamente,,protecção,,gostosamente,difamatório,inaptidão,desencanto,desfaçatez,tagarela,desconfiado,,plácido,,desconchavo,preocupado,,descompassadamente,
amigavelmente,esperar,glorificar,lascívia,cordialidade,ternamente,tolerante,,imposturice,refugo,descompostura,enervante,desumanidade,fúria,,imponência,,triunfalmente,ridículo,dramatizar,doloroso,,,prudentemente,compulsivo,discórdia,,entusiasmar,,entediar,desfalecimento,embrutecido,desbravar,indultar,convulsivo,,proteccionismo,,gostoso,embaraçado,inapto,desenganador,deslavamento,tagarelar,desconfiança,,repousado,,desembestar,preocupante,,descompassado,
amigo,ganância,gloriosamente,lascivo,cordialmente,terno,tolerar,,infidelidade,repelir,desconceituar,enervar,desumano,furibundo,,imponente,,triunfante,rir,fatal,dor,,,resguardar,delirium,disparatar,,entusiasmo,,entenebrecer,desgastante,embrutecimento,descarregar,indulto,crise,,protector,,inaudito,embaraçar,incapacidade,desenganar,deslavar,tagarelice,desconfiar,,repousante,,desesperação,preocupar,,desconhecer,
amistoso,ganancioso,glorioso,sedução,cortês,ternura,tolerável,,infiel,repugnância,desconsideração,escabrosidade,disfaçado,furiosamente,,importância,,triunfar,risada,fatalidade,dor aguda,,,resguardo,demência,disparate,,entusiasta,,entristecedor,desgastar,ensonado,desembravecer,inocência,desassossego,,proteger,,incrível,encalistar,incapacitar,desengano,desplante,,diabo,,repousar,,enlouquecer,pressagiar,,desconhecimento,
amizade,inveja,herói,sedutor,cortesia,,,,ingratamente,repugnante,desconsiderar,escabroso,disfarçar,furioso,,importante,,triunfo,riso,fatalismo,dorido,,,responsabilidade,demencial,divagação,,entusiástico,,entristecer,desgaste,entorpecer,desencrespar,inocentar,descomposto,,respeitabilidade,,jeitoso,encalistrar,incapaz,desiludido,destemido,,diabólico,,repouso,,enlouquecido,presságio,,desencontrar,
amor,invejar,heroicamente,seduzir,delicadeza,,,,ingratidão,repugnar,descorado,exacerbação,disfarce,furor,,intratável,,volúpia,risonho,fatalista,enlutado,,,responsabilizar,demente,divagar,,exaltação,,entristecimento,desmoralização,entorpecimento,desopressão,inocente,desconcertada,,respeitador,,linda,endrómina,incompetência,desiludir,destemor,,esgazeado,,serenamente,,enlouquecimento,pressagioso,,desencontro,
amorosamente,invejável,heróico,sensual,delicado,,,,ingrato,repulsa,descorar,exacerbar,dissimulação,luta,,jactância,,voluptuosamente,risota,fatalmente,enlutar,,,responsável,dependência,doidice,,exaltado,,esfriamento,desmoralizador,farrapo,desoprimir,integridade,desconcertado,,respeitar,,lindamente,endrominar,incompetente,desilusão,desvergonha,,esgazear,,serenidade,,esmagador,pressão,,desgrudar,
amoroso,invejosamente,heroína,sensualidade,doação,,,,inimigo,repulsivo,desdém,exageradamente,dissimulado,lutar,,jactancioso,,voluptuosidade,sorridente,fatídico,gemente,,,sagacidade,dependente,doidinho,,exaltante,,esfriar,desmoralizante,ignavo,disciplina,integro,desconcertante,,respeitável,,lindeza,enegrecer,indigência,despeitado,desvergonhar,,espavorido,,sereno,,esmagamento,pressentimento,,desígnio,
apaixonada,invejoso,heroísmo,sensualmente,doador,,,,inimizade,sujar,desdenhar,exagerado,dissimular,maldizente,,jactar-se,,voluptuoso,sorrir,fracassar,gemer,,,sagaz,depressão,doidivanas,,exaltar,,esmorecer,desmoralizar,inanimado,disciplinar,isenção,desconcertar,,respeitavelmente,,lindo,enegrecimento,indigente,despeitar,determinação,,espavorir,,sossega,,esmagar,pressentir,,desigualdade,
apaixonada,predisposto,idólatra,sexual,doar,,,,insídia,sujeira,desdenhável,exagerar,ditador,maldizer,,majestade,,,sorriso,fracasso,gemido,,,sensatamente,depressiva,doido,,expedito,,esmorecido,embebedado,inânime,encorajamento,leal,desconcerto,,respeito,,louvação,envergonhado,indigentemente,desprazimento,determinado,,estremecer,,sossegada,,forçado,pressionado,,desmaiar,
apaixonadamente,tendência,idolatradamente,sexualidade,embelezar,,,,insidiosamente,sujidade,desdenhoso,exagero,ditadura,maltratar,,majestosamente,,,,imolação,imprecação,,,sensatez,depressivo,ebriedade,,farra,,esmorecimento,embebedar,inconsciente,encorajar,lealdade,desconfortante,,respeitosamente,,louvado,envergonhar,injustamente,despropositado,determinar,,estremecido,,sossegadamente,,forçar,pressionar,,desmaio,
apaixonado,vontade,idolatrar,sexualmente,empatia,,,,intrujão,sujo,deseducar,exasperação,esfacelamento,praquejar,,majestoso,,,,imolar,imprecar,,,sensato,desorganizado,ébrio,,fervente,,exasperadamente,enfraquecedor,indolência,moderação,lealmente,desconfortar,,reverência,,louvável,envilecer,injustiça,enfadamento,enfrentar,,estremecimento,,sossegado,,opressão,stress,,desmascaramento,
apaixonante,,idolatria,subjugação,empático,,,,intrujar,vil,deseducativo,exasperante,esfacelar,provocação,,obstinação,,,,infausto,insuportável,,,,despersonalização,ensandecer,,festas,,exaspero,enfraquecer,indolente,pacificador,liberdade,desconfortável,,reverenciosamente,,louvavelmente,envilecimento,injustificável,enfadar,esforçar,,fantasma,,sossegador,,opressivamente,stressado,,desmascarar,
apaixonar,,ídolo,subjugar,enternecedor,,,,intrujice,vilania,despótico,exasperar,espancamento,provocador,,obstinadamente,,,,infelicidade,insustentável,,,,dispareunia,entontecer,,festeiro,,falecer,enfraquecimento,indolentemente,pacificadora,libertação,desconfortavelmente,,reverencioso,,louvor,enxotar,injusto,enfado,esforço,,fantasmagoria,,sossegar,,opressivo,stressante,,desmesuradamente,
apego,,ilustre,tentação,enternecer,,,,mágoa,vilão,desprezador,frender,espancar,provocante,,obstinado,,,,infeliz,intolerância,,,,disruptiva,entontecimento,,festejar,,falecimento,enlanguescer,indolor,pacificar,libertar,desentendimento,,salvaguarda,,luzir,enxovalhar,insaciabilidade,enfastiado,fiável,,fantasmagórico,,sossego,,opressor,stressar,,despedida,
beijar,,lautamente,tentador,enternecimento,,,,magoado,vileza,desprezar,fruste,espertalhão,provocantemente,,obstinar,,,,infelizmente,intolerante,,,,disruptivo,esquisitamente,,festejo,,funestamente,enlasguecido,inércia,reconciliação,libertino,desordem,,salvaguardar,,popular,enxovalho,insaciado,enfastiante,fidúcia,,fobia,,tranquilamente,,oprimente,suspeita,,despedimento,
beijinho,,lauto,tentar,entreajuda,,,,magoar,,desprezível,fulo,esperteza,provocar,,omnipotência,,,,infortunadamente,intolerável,,,,dissociação,esquisitice,,festim,,funesto,esbodegado,lerdo,reconciliar,probidade,distracção,,zelador,,popularidade,escrava,insaciável,enfastiar,insolência,,frouxidão,,tranquilidade,,oprimido,suspeitar,,despedir,
beijo,,lisonja,,entreajudar-se,,,,mal-agradecido,,desprezivelmente,grosseiro,exterminação,raiva,,omnipotente,,,,infortunado,intoleravelmente,,,,dissociativa,esquisito,,festival,,inconsolação,esbodegar,letargia,reconfortante,puramente,distraído,,zelar,,popularizar,escravatura,insatisfação,estrago,insolente,,frouxo,,tranquilização,,oprimir,suspeito,,deus,
beijocar,,lisonjeador,,escrupuloso,,,,mal-amada,,desprezo,grosseria,exterminar,raivosamente,,opulência,,,,infortúnio,intransigência,,,,dissónia,estonteante,,festivaleiro,,inconsolado,esfalfamento,macilento,reconfortar,pureza,distrair,,,,popularmente,escravidão,insatisfeito,feder,intrepidamente,,horrendo,,tranquilizado,,orprimido,suspeitoso,,devoção,
beijoqueiro,,lisonjear,,favorável,,,,mal-amado,,desrespeitar,grotescamente,extermínio,raivoso,,opulento,,,,insucesso,intransigente,,,,distimica,estontear,,festividade,,inconsolável,esfalfar,madraço,reconforto,puro,dúvida,,,,positivamente,escravização,lazeira,fedor,intrepidez,,horripilante,,tranquilizador,,pânico,suspense,,dificíl,
camarada,,lisonjeiramente,,favorecer,,,,mal-encarado,,desrespeito,grotesco,extinção,rixa,,orgulhar,,,,maldição,lastimar,,,,distimico,estranho,,festivo,,isoladamente,esgotado,malandrice,remedeio,rectidão,duvidar,,,,positivo,escravizar,mal acabado,fedorento,intrépido,,horripilar,,tranquilizante,,sobressaltado,suspenso,,diminuição,
camaradagem,,lisonjeiro,,formidável,,,,mentir,,desvalorização,grunhido,extinguir,violação,,orgulho,,,,maldito,luto,,,,distorção,excentricidade,,fogosamente,,isolado,esgotamento,malandro,remediar,redenção,duvidoso,,,,regalado,escravo,malogrado,feio,intrometer,,horrível,,tranquilo,,sobressaltar,tensa,,diminuir,
carente,,louvar,,formidavelmente,,,,mentira,,desvalorizar,grunhir,extinto,violar,,orgulhosa,,,,malfadado,maltratar,,,,distorcer,excêntrico,,fogoso,,isolamento,esgotante,maltrapilho,reparar,redimir,enovelamento,,,,regalar,estigma,malograr,frivolamente,intrometido,,horrivelmente,,,,sobressalto,tensão,,divindade,
carinho,,luxo,,galante,,,,mentiroso,,difamar,impertinência,facínora,violência,,orgulhosamente,,,,melodrama,mau trato,,,,distúrbio,extravagância,,folião,,isolar,esgotar,mandrião,serenar,sinceramente,enovelar,,,,regalo,estigmatismo,malogro,frivolidade,intrometimento,,horror,,,,sufocação,tensão nervosa,,divinização,
carinhoso,,luxuosamente,,galanteador,,,,mesquinhez,,egoísmo,impertinente,fera,violenta,,orgulhoso,,,,provação,padecente,,,,doentio,extravagante,,galdério,,lancinante,estafa,mandriar,socorrer,sinceridade,ensarilhar,,,,satisfação,estigmatizado,mendigar,frívolo,intromissão,,horrorizar,,,,sufocamento,tenso,,divinizar,
companheiro,,luxuoso,,galantear,,,,mesquinheza,,egoísta,implicação,ferida,violentamente,,ostensivamente,,,,tragédia,padecer,,,,encoprese,fantasia,,genica,,letal,estafado,mandriice,socorrismo,sincero,escandalizar,,,,satisfatoriamente,estigmatizar,mendigo,fútil,intruso,,horroroso,,,,sufocante,,,divino,
conveniência,,luxúria,,galanteio,,,,mesquinho,,egolatria,implicar,ferido,violento,,ostensivo,,,,tragicamente,padecimento,,,,enfermo,fantasioso,,impetuosamente,,lipemania,estafante,marasmo,socorrista,virtude,escândalo,,,,satisfatório,fiasco,miserabilismo,futilidade,lampeiro,,infernal,,,,sufocar,,,eliminação,
conviva,,luxuriante,,generosidade,,,,odiar,,egotismo,importunar,ferimento,vituperação,,ostentação,,,,trágico,penar,,,,enurese,histerismo,,impetuosidade,,lôbrego,estafar,moribundo,socorro,virtuosamente,escandaloso,,,,satisfazer,gozar,miserabilista,imperdoável,metediço,,inferno,,,,sufoco,,,eliminar,
conviver,,magnanimamente,,generoso,,,,odiento,,elitismo,importuno,ferir,vituperador,,ostentar,,,,trama,penoso,,,,erotomania,idiota,,impetuoso,,lúgubre,estoirado,negligência,suporte,virtuosidade,espalhafato,,,,satisfeita,gozo,miseramente,implicância,ousadamente,,insegurança,,,,transe,,,emergência,
coração,,magnata,,gentil,,,,ódio,,elitista,impropriamente,ferocidade,vituperar,,peneirento,,,,tramar,queixa,,,,erotomaníaco,idiotia,,maganão,,melancolia,exaustação,negligenciar,sustentar,virtuosismo,espalhafatoso,,,,satisfeito,humilhação,miséria,implicante,ousadia,,inseguridade,,,,,,,emoção,
enamorada,,magnificamente,,gentileza,,,,odiosamente,,embuste,impróprio,feroz,vituperável,,pertinácia,,,,,queixoso,,,,erotómano,idiotice,,másculo,,melancolicamente,exaustão,negligente,tranquilizar,virtuoso,exaltadamente,,,,suficiente,humilhado,misérias,implicativo,ousado,,inseguro,,,,,,,emocionada,
enamoradamente,,magnificência,,gentilmente,,,,odioso,,enganador,inconveniência,ferozmente,zangão,,pertinaz,,,,,queixume,,,,esquizoafectiva,idiotismo,,patusco,,melancólico,exaustar,negligentemente,,,freima,,,,usufruir,humilhante,necessidade,impopular,ousar,,intimidador,,,,,,,emocionado,
enamorado,,magnífico,,humanitário,,,,preconceito,,enganar,inconveniente,fingido,,,pertinência,,,,,sofredor,,,,esquizofrenia,ignaro,,reanimada,,monotonamente,exaustivo,paralisado,,,frenesi,,,,usufruto,humilhar,obstáculo,impopularidade,poder,,intimidante,,,,,,,emocional,
enamorar,,maravilha,,humanitarismo,,,,racismo,,engano,inculto,fingimento,,,pertinente,,,,,sofrer,,,,esquizofrénico,imaginação,,reanimado,,monotonia,exausto,pasmaceira,,,frenesim,,,,,ignomínia,pelintra,importunação,poderes,,intimidar,,,,,,,emocionalmente,
família,,maravilhada,,impecabilidade,,,,racista,,enganoso,indecência,fingir,,,possessão,,,,,sofrimento,,,,esquizofreniforme,imaginativo,,reanimar,,monótono,extenuação,passivamente,,,freneticamente,,,,,ignominiosamente,pelintrice,importunidade,poderio,,intimidativo,,,,,,,emocionante,
familiar,,maravilhado,,impecável,,,,rancor,,engazupar,indecente,frechar,,,possessivo,,,,,sofrível,,,,exibicionismo,imbecil,,renascer,,morrer,extenuado,passividade,,,frenético,,,,,ignominioso,penúria,incomodado,poderosamente,,macabro,,,,,,,emocionar,
familiarmente,,maravilhar,,impecavelmente,,,,rancorosamente,,engodo,indecorosamente,frialdade,,,possesso,,,,,sofrivelmente,,,,factícia,imbecilidade,,renascido,,morte,extenuante,passivo,,,guerra,,,,,impropério,pobre,incomodar,poderoso,,medo,,,,,,,emotividade,
fidelidade,,maravilhosa,,ingenuidade,,,,rancoroso,,enjeitado,indecoroso,friamente,,,possessor,,,,,súplica,,,,festorvo,imbecilizar,,renascimento,,mortífero,extenuar,percluso,,,guerrear,,,,,indignar,pobremente,incomodativo,robustecer,,medonho,,,,,,,emotivo,
fiel,,maravilhosamente,,ingénuo,,,,ressentida,,enjeitar,inoportuno,frieza,,,prepotência,,,,,suplicante,,,,fetichismo,imprudência,,revigorar,,morto,fadiga,preguiça,,,hesitação,,,,,indignidade,pobreza,incomodidade,robustez,,medricas,,,,,,,empalidecer,
fielmente,,maravilhoso,,lamechas,,,,ressentido,,enojar,insistente,frigidez,,,prepotente,,,,,suplicar,,,,frotteurismo,imprudente,,revitalização,,nostalgia,fadigar,preguiçar,,,hesitante,,,,,indigno,pocilga,incómodo,robusteza,,medrosamente,,,,,,,encarceração,
fraternal,,milagre,,magnanimente,,,,ressentimento,,enojo,irritabilidade,frígido,,,presunção,,,,,supliciado,,,,hiperactividade,imprudentemente,,revitalizar,,nostálgico,fatigante,preguiçosamente,,,hesitar,,,,,inestimável,podre,injustiçada,robusto,,medroso,,,,,,,encarceramento,
fraternalmente,,milagrosamente,,magnanimidade,,,,ressentir,,ensoberbecer,irritação,frigir,,,presunçosamente,,,,,supliciar,,,,hiperactivo,impudência,,reviver,,pena,fatigar,preguiçoso,,,hiperemotividade,,,,,infama,podres,injustiçado,segura,,obscuridade,,,,,,,encarcerar,
fraternidade,,milagroso,,magnânimo,,,,rival,,escarnecer,irritamente,frio,,,presunçoso,,,,,suplício,,,,hipersónia,impudentemente,,revivida,,pessimismo,fracalhão,quietamento,,,hiperemotivo,,,,,infamante,podridão,insuficiente,segurança,,obscuro,,,,,,,encarecidamente,
fraternização,,motivação,,misericórdia,,,,rivalidade,,escárnio,irritante,gélido,,,pretensão,,,,,tenebroso,,,,hipocondria,inebriado,,revivido,,pessimista,fraco,quieto,,,hipermotiva,,,,,infamar,privado,maçada,seguro,,papão,,,,,,,encarecimento,
fraterno,,motivar,,misericordiosamente,,,,rivalizar,,escória,irritantemente,hediondo,,,pretensioso,,,,,tormento,,,,hipocondríaco,inebriante,,revivificação,,pungente,frágil,quietude,,,hiperseníivel,,,,,infame,privar,macambúzio,temerário,,pavor,,,,,,,enclausurar,
gostar,,nobre,,misericordioso,,,,traição,,esgar,irritar,imoral,,,relutância,,,,,tormentoso,,,,hipomaníaco,inebriar,,revivificar,,pungir,fragilidade,sono,,,hipersensibilidade,,,,,infâmia,proibição,maçar,temeridade,,pavorosamente,,,,,,,enfezado,
gratidão,,nobremente,,perfeccionismo,,,,traiçoeiramente,,esquecer,irritável,imoralidade,,,relutante,,,,,trauma,,,,histeria,inépcia,,sadio,,solidão,fraquejar,sonolência,,,imponderado,,,,,injúria,proibido,malcheiroso,tenacidade,,pavoroso,,,,,,,enfezar,
grato,,nobreza,,perfeccionista,,,,traiçoeiro,,esquecido,labrego,imperfeição,,,relutar,,,,,traumática,,,,histérico,inepto,,saudável,,solitária,fraqueza,sonolento,,,indecisão,,,,,injuriar,proibir,materialismo,tenaz,,pesadelo,,,,,,,enforcado,
maternal,,predilecção,,perfeição,,,,traidor,,esquecimento,ladrão,imperfeito,,,soberanamente,,,,,traumático,,,,indiderenciado,insânia,,saúde,,solitariamente,impelir,tetania,,,indeciso,,,,,injurioso,proibitivamente,materialista,topete,,pesadelos,,,,,,,enforcamento,
maternalmente,,predilecto,,perfeitamente,,,,trair,,excomungar,ladroagem,impiamente,,,soberania,,,,,traumatismo,,,,insónia,insano,,vigor,,solitário,impotência,tetanização,,,indisciplina,,,,,insultar,proibitivo,negação,valente,,poltrão,,,,,,,enforcar,
materno,,prestigiante,,perfeito,,,,vigarice,,excomunhão,ladroeira,impiedade,,,soberano,,,,,traumatizante,,,,intoxicação,insensata,,vigorosamente,,sombrio,impotente,tetanizar,,,indisciplinar,,,,,insulto,recalcado,negar,valentemente,,poltronaria,,,,,,,enfrascado,
namorado,,prestigiar,,piegas,,,,vigário,,expulsão,lamecha,impiedosamente,,,soberba,,,,,traumatizar,,,,lunático,insensatez,,vigoroso,,sozinho,inexpressividade,tórpido,,,insubordinação,,,,,insultuosamente,recalcamento,negativa,valentia,,recear,,,,,,,engendração,
namorados,,prestígio,,pieguice,,,,vigarista,,expulsar,lapuz,impiedoso,,,soberbamente,,,,,,,,,mania,insensato,,vitalidade,,taciturnamente,inexpressivo,torpor,,,insubordinado,,,,,insultuoso,recalcar,negativamente,,,receio,,,,,,,engendrar,
namorar,,prestigioso,,porreiro,,,,vigarizar,,expulso,larapiar,ímpio,,,soberbo,,,,,,,,,maníaco,instabilidade,,viva,,taciturno,langor,,,,insubordinar,,,,,irrespeito,renúncia,negativismo,,,receosamente,,,,,,,engrandecer,
namoriscar,,privilegiado,,prestável,,,,vingador,,fustigação,larápio,implacabilidade,,,superior,,,,,,,,,manicómio,instável,,vivacidade,,tédio,languidez,,,,intriga,,,,,irrespeitosamente,renunciar,negativo,,,receoso,,,,,,,engrandecimento,
namorisco,,privilegiar,,provocar dó,,,,vingança,,fustigar,má cara,implacável,,,superioridade,,,,,,,,,masochismo,irreflectidamente,,vivamente,,triste,lânguido,,,,intrigar,,,,,irrespeitoso,represa,porco,,,sinistramente,,,,,,,engravidar,
namoro,,privilégio,,pueril,,,,vingar,,gentalha,maçador,implacavelmente,,,superiorizar,,,,,,,,,masoquismo,irreflectido,,vivaz,,tristemente,lassidão,,,,intriguista,,,,,labéu,represar,promiscuidade,,,sinistro,,,,,,,engravidecer,
noiva,,,,puerilidade,,,,vingativo,,gentinha,mal-educado,incivilidade,,,superiormente,,,,,,,,,masoquista,irreflexão,,viveza,,tristeza,lasso,,,,mal-estar,,,,,lacaio,repressão,promíscuo,,,susto,,,,,,,enorme,
noivo,,,,sacrificar,,,,xenofobia,,ignóbil,malcriado,incivilmente,,,supremo,,,,,,,,,megalomania,irresponsabilidade,,vivo,,tristonho,moído,,,,perdida,,,,,mácula,reprimido,rançoso,,,temente,,,,,,,enriquecer,
paixão,,,,sacrifício,,,,xenófobo,,ignobilmente,mau humor,inclemência,,,teima,,,,,,,,,megalómano,irresponsável,,zelo,,vazio,moleza,,,,perdidamente,,,,,mazela,reprimir,tendenciosamente,,,temer,,,,,,,enriquecimento,
paixoneta,,,,sem-malícia,,,,,,ignorado,melga,inclemente,,,teimar,,,,,,,,,melomania,irresponsavelmente,,zeloso,,,morosamente,,,,perdido,,,,,melindrar,vadiagem,tendencioso,,,temeroso,,,,,,,entravamento,
passional,,,,sociável,,,,,,ignorância,nervos,indelicadeza,,,teimosamente,,,,,,,,,melómano,jerico,,,,,morosidade,,,,periclitante,,,,,melindre,vadiar,,,,temível,,,,,,,entravar,
piedade,,,,,,,,,,ignorante,nervosa,inexorável,,,teimosia,,,,,,,,,mericismo,levianamente,,,,,moroso,,,,periclitar,,,,,melindrosamente,vadio,,,,temivelmente,,,,,,,entrave,
piedosamente,,,,,,,,,,ignorar,nervosamente,lesão,,,teimoso,,,,,,,,,mitomania,leviandade,,,,,neurastenia,,,,perplexidade,,,,,melindroso,vagabundagem,,,,temor,,,,,,,entrelaçamento,
piedoso,,,,,,,,,,ignoto,nervosidade,lesar,,,tirano,,,,,,,,,mitomaníaco,leviano,,,,,neurasténico,,,,perplexo,,,,,mortificação,vagabundear,,,,ter pesadelos,,,,,,,entrelaçar,
platonicamente,,,,,,,,,,imperial,nervosismo,lesivo,,,vaidade,,,,,,,,,mitómano,louco,,,,,prostração,,,,perturbação,,,,,mortificante,vagabundo,,,,terrificante,,,,,,,envolvimento,
platonismo,,,,,,,,,,imperialmente,nervoso,má,,,vaidosamente,,,,,,,,,morbidade,loucura,,,,,prostrado,,,,perturbado,,,,,mortificar,,,,,terrificar,,,,,,,erradicação,
preferência,,,,,,,,,,imperiosamente,oponente,mal,,,vaidoso,,,,,,,,,morbidez,maluca,,,,,psicastenia,,,,perturbador,,,,,ofender,,,,,terrífico,,,,,,,erradicar,
preferido,,,,,,,,,,imperioso,opor,maldade,,,,,,,,,,,,morbideza,maluco,,,,,psicasténico,,,,perturbadora,,,,,ofendido,,,,,terrível,,,,,,,escrita,
preferir,,,,,,,,,,imprestável,oportunismo,maldosa,,,,,,,,,,,,mórbido,maluquice,,,,,vulnerabilidade,,,,perturbar,,,,,ofensa,,,,,terrivelmente,,,,,,,escurecer,
querido,,,,,,,,,,inaceitável,oportuno,maldosamente,,,,,,,,,,,,mutismo,marciano,,,,,vulnerante,,,,problema,,,,,ofensivo,,,,,terror,,,,,,,escuridão,
romântico,,,,,,,,,,inadmissível,oposicionista,maldoso,,,,,,,,,,,,narcisismo,marginal,,,,,vulnerável,,,,supra-sensível,,,,,ofensor,,,,,,,,,,,,escuro,
romantismo,,,,,,,,,,inconsideração,ordinariamente,maleficência,,,,,,,,,,,,narcisista,marginalidade,,,,,,,,,tontura,,,,,palerma,,,,,,,,,,,,esmerar,
sensibilidade,,,,,,,,,,indiferença,ordinário,malefício,,,,,,,,,,,,narciso,mulherengo,,,,,,,,,tormenta,,,,,palermice,,,,,,,,,,,,espasmo,
sensibilização,,,,,,,,,,indiferente,praguejar,maléfico,,,,,,,,,,,,narcolepsia,obcecação,,,,,,,,,transtornado,,,,,perder,,,,,,,,,,,,espiritismo,
sensibilizada,,,,,,,,,,interesseiro,rabugento,malevolamente,,,,,,,,,,,,neurose,obcecadamente,,,,,,,,,transtornar,,,,,perdição,,,,,,,,,,,,espiritista,
sensibilizado,,,,,,,,,,inútil,resmungão,malevolência,,,,,,,,,,,,neurótico,obcecar,,,,,,,,,transtorno,,,,,prostrar,,,,,,,,,,,,espírito,
sensibilizar,,,,,,,,,,inutilidade,resmungar,malevolente,,,,,,,,,,,,obsessão,parvamente,,,,,,,,,tumulto,,,,,rebaixamento,,,,,,,,,,,,espiritual,
sensível,,,,,,,,,,ironia,resmunguice,malévolo,,,,,,,,,,,,obsessivo,parvo,,,,,,,,,vaguear,,,,,rebaixar,,,,,,,,,,,,espiritualidade,
sentimental,,,,,,,,,,ironicamente,rezingão,malfeitor,,,,,,,,,,,,parafilia,parvoíce,,,,,,,,,,,,,,submeter,,,,,,,,,,,,espiritualismo,
sentimentalismo,,,,,,,,,,irónico,rezingar,malícia,,,,,,,,,,,,paranóia,paspalhão,,,,,,,,,,,,,,submetido,,,,,,,,,,,,espiritualista,
sentimentalmente,,,,,,,,,,irrepreensível,rosnador,maliciosamente,,,,,,,,,,,,paranóico,paspalho,,,,,,,,,,,,,,submissão,,,,,,,,,,,,espiritualizar,
sentimentos,,,,,,,,,,irrepreensivelmente,rosnar,malicioso,,,,,,,,,,,,paranóide,patego,,,,,,,,,,,,,,submisso,,,,,,,,,,,,espiritualmente,
simpatia,,,,,,,,,,irreverência,rosnido,malignamente,,,,,,,,,,,,parassónia,pateta,,,,,,,,,,,,,,subordinação,,,,,,,,,,,,espirituosamente,
simpática,,,,,,,,,,irreverenciosamente,rude,maligno,,,,,,,,,,,,patológico,pateticamente,,,,,,,,,,,,,,subordinado,,,,,,,,,,,,estado,
simpático,,,,,,,,,,irreverente,rudemente,malquerença,,,,,,,,,,,,pedofilia,patetice,,,,,,,,,,,,,,subordinar,,,,,,,,,,,,estagnação,
simpatizante,,,,,,,,,,irreverentemente,rudez,malvadamente,,,,,,,,,,,,perversão,patifaria,,,,,,,,,,,,,,ultrajado,,,,,,,,,,,,estagnar,
simpatizar,,,,,,,,,,irrisão,rudeza,malvadez,,,,,,,,,,,,perversidade,patife,,,,,,,,,,,,,,ultrajante,,,,,,,,,,,,estremecer,
união,,,,,,,,,,irrisório,rugido,malvadeza,,,,,,,,,,,,perverso,problemática,,,,,,,,,,,,,,ultrajar,,,,,,,,,,,,estremecido,
unir,,,,,,,,,,judiação,rugir,malvado,,,,,,,,,,,,pica,problemático,,,,,,,,,,,,,,ultraje,,,,,,,,,,,,estremecimento,
veneração,,,,,,,,,,judiaria,ruminante,manha,,,,,,,,,,,,piromania,problematizar,,,,,,,,,,,,,,vergonha,,,,,,,,,,,,estupidamente,
venerado,,,,,,,,,,lastimável,ruminar,manhoso,,,,,,,,,,,,psicadélico,suicidar-se,,,,,,,,,,,,,,vergonhosamente,,,,,,,,,,,,estupidez,
venerador,,,,,,,,,,lastimavelmente,sensitivo,manipulação,,,,,,,,,,,,psicopata,suicídio,,,,,,,,,,,,,,vergonhoso,,,,,,,,,,,,estupidificar,
venerar,,,,,,,,,,lastimoso,sensível,manipular,,,,,,,,,,,,psicopatia,tara,,,,,,,,,,,,,,vexado,,,,,,,,,,,,estúpido,
veracidade,,,,,,,,,,lograr,sensivelmente,maquiavélico,,,,,,,,,,,,psicopático,tarado,,,,,,,,,,,,,,vexame,,,,,,,,,,,,eutanásia,
verdade,,,,,,,,,,logro,susceptibilidade,maquiavelismo,,,,,,,,,,,,psicose,tolice,,,,,,,,,,,,,,vexante,,,,,,,,,,,,evangelho,
xenofilia,,,,,,,,,,ludibriar,susceptível,maroteira,,,,,,,,,,,,psicossomático,tolo,,,,,,,,,,,,,,vexar,,,,,,,,,,,,exceder,
xenófilo,,,,,,,,,,ludíbrio,troglodita,maroto,,,,,,,,,,,,psicótico,tontice,,,,,,,,,,,,,,vitupério,,,,,,,,,,,,excessivamente,
,,,,,,,,,,mandão,zumbido,massacrar,,,,,,,,,,,,psíquico,tonto,,,,,,,,,,,,,,,,,,,,,,,,,,excessivo,
,,,,,,,,,,mandar,,massacre,,,,,,,,,,,,psiquismo,,,,,,,,,,,,,,,,,,,,,,,,,,,excesso,
,,,,,,,,,,menosprezar,,matador,,,,,,,,,,,,residual,,,,,,,,,,,,,,,,,,,,,,,,,,,excitabilidade,
,,,,,,,,,,menosprezo,,matança,,,,,,,,,,,,sádico,,,,,,,,,,,,,,,,,,,,,,,,,,,excitação,
,,,,,,,,,,miserável,,matar,,,,,,,,,,,,sadismo,,,,,,,,,,,,,,,,,,,,,,,,,,,excitado,
,,,,,,,,,,miseravelmente,,matreirice,,,,,,,,,,,,sadomasoquismo,,,,,,,,,,,,,,,,,,,,,,,,,,,excitante,
,,,,,,,,,,mísero,,matreiro,,,,,,,,,,,,sadomasoquista,,,,,,,,,,,,,,,,,,,,,,,,,,,excitar,
,,,,,,,,,,mostrengo,,mau,,,,,,,,,,,,somático,,,,,,,,,,,,,,,,,,,,,,,,,,,excitável,
,,,,,,,,,,ostracismo,,megera,,,,,,,,,,,,somatização,,,,,,,,,,,,,,,,,,,,,,,,,,,expectativa,
,,,,,,,,,,pejorativamente,,molesto,,,,,,,,,,,,somatoforme,,,,,,,,,,,,,,,,,,,,,,,,,,,expressão,
,,,,,,,,,,pejorativo,,monstro,,,,,,,,,,,,sonambulismo,,,,,,,,,,,,,,,,,,,,,,,,,,,expressividade,
,,,,,,,,,,petulância,,monstruosamente,,,,,,,,,,,,sonâmbulo,,,,,,,,,,,,,,,,,,,,,,,,,,,expressivo,
,,,,,,,,,,petulante,,monstruosidade,,,,,,,,,,,,suicída,,,,,,,,,,,,,,,,,,,,,,,,,,,fácil,
,,,,,,,,,,pindérico,,monstruoso,,,,,,,,,,,,suicidar,,,,,,,,,,,,,,,,,,,,,,,,,,,facilidade,
,,,,,,,,,,pulha,,nazi,,,,,,,,,,,,tourette,,,,,,,,,,,,,,,,,,,,,,,,,,,fado,
,,,,,,,,,,pulhice,,nazismo,,,,,,,,,,,,tricotilomania,,,,,,,,,,,,,,,,,,,,,,,,,,,fanático,
,,,,,,,,,,punição,,nefasto,,,,,,,,,,,,vaginismo,,,,,,,,,,,,,,,,,,,,,,,,,,,fanatismo,
,,,,,,,,,,punir,,nocivamente,,,,,,,,,,,,viciante,,,,,,,,,,,,,,,,,,,,,,,,,,,fanatizar,
,,,,,,,,,,punitivo,,nocividade,,,,,,,,,,,,vinculação,,,,,,,,,,,,,,,,,,,,,,,,,,,fartamente,
,,,,,,,,,,punível,,nocivo,,,,,,,,,,,,voyeurismo,,,,,,,,,,,,,,,,,,,,,,,,,,,fartar,
,,,,,,,,,,recriminação,,perversamente,,,,,,,,,,,,,,,,,,,,,,,,,,,,,,,,,,,,,,,farto,
,,,,,,,,,,recriminar,,perverter,,,,,,,,,,,,,,,,,,,,,,,,,,,,,,,,,,,,,,,fé,
,,,,,,,,,,recriminatório,,pessimamente,,,,,,,,,,,,,,,,,,,,,,,,,,,,,,,,,,,,,,,fervoroso,
,,,,,,,,,,rejeição,,péssimo,,,,,,,,,,,,,,,,,,,,,,,,,,,,,,,,,,,,,,,fidedigno,
,,,,,,,,,,rejeitar,,prejudicar,,,,,,,,,,,,,,,,,,,,,,,,,,,,,,,,,,,,,,,fogo,
,,,,,,,,,,reles,,prejudicial,,,,,,,,,,,,,,,,,,,,,,,,,,,,,,,,,,,,,,,forte,
,,,,,,,,,,renegação,,prejuízo,,,,,,,,,,,,,,,,,,,,,,,,,,,,,,,,,,,,,,,ganhar,
,,,,,,,,,,renegado,,rigidamente,,,,,,,,,,,,,,,,,,,,,,,,,,,,,,,,,,,,,,,ganho,
,,,,,,,,,,renegar,,rigidez,,,,,,,,,,,,,,,,,,,,,,,,,,,,,,,,,,,,,,,grande,
,,,,,,,,,,repreender,,rígido,,,,,,,,,,,,,,,,,,,,,,,,,,,,,,,,,,,,,,,grandeza,
,,,,,,,,,,repreensão,,rigor,,,,,,,,,,,,,,,,,,,,,,,,,,,,,,,,,,,,,,,grandioso,
,,,,,,,,,,repreensivamente,,rigorosamente,,,,,,,,,,,,,,,,,,,,,,,,,,,,,,,,,,,,,,,grave,
,,,,,,,,,,repreensível,,rigoroso,,,,,,,,,,,,,,,,,,,,,,,,,,,,,,,,,,,,,,,gravidade,
,,,,,,,,,,repreensivelmente,,rijeza,,,,,,,,,,,,,,,,,,,,,,,,,,,,,,,,,,,,,,,gritar,
,,,,,,,,,,represália,,rijo,,,,,,,,,,,,,,,,,,,,,,,,,,,,,,,,,,,,,,,grito,
,,,,,,,,,,reprimenda,,rispidez,,,,,,,,,,,,,,,,,,,,,,,,,,,,,,,,,,,,,,,gula,
,,,,,,,,,,reprovação,,rispideza,,,,,,,,,,,,,,,,,,,,,,,,,,,,,,,,,,,,,,,hiperexcitabilidade,
,,,,,,,,,,reprovar,,ríspido,,,,,,,,,,,,,,,,,,,,,,,,,,,,,,,,,,,,,,,humor,
,,,,,,,,,,repudiar,,ronha,,,,,,,,,,,,,,,,,,,,,,,,,,,,,,,,,,,,,,,ideal,
,,,,,,,,,,repúdio,,ruim,,,,,,,,,,,,,,,,,,,,,,,,,,,,,,,,,,,,,,,idealismo,
,,,,,,,,,,repulsão,,ruindade,,,,,,,,,,,,,,,,,,,,,,,,,,,,,,,,,,,,,,,idealização,
,,,,,,,,,,ridicularizar,,ruinosamente,,,,,,,,,,,,,,,,,,,,,,,,,,,,,,,,,,,,,,,idealizar,
,,,,,,,,,,sarcasmo,,ruinoso,,,,,,,,,,,,,,,,,,,,,,,,,,,,,,,,,,,,,,,idílio,
,,,,,,,,,,sarcasmos,,satanás,,,,,,,,,,,,,,,,,,,,,,,,,,,,,,,,,,,,,,,igreja,
,,,,,,,,,,sarcástico,,satânico,,,,,,,,,,,,,,,,,,,,,,,,,,,,,,,,,,,,,,,imortal,
,,,,,,,,,,snob,,severidade,,,,,,,,,,,,,,,,,,,,,,,,,,,,,,,,,,,,,,,imortalidade,
,,,,,,,,,,snobe,,severo,,,,,,,,,,,,,,,,,,,,,,,,,,,,,,,,,,,,,,,imortalização,
,,,,,,,,,,snobismo,,terrorismo,,,,,,,,,,,,,,,,,,,,,,,,,,,,,,,,,,,,,,,imortalizar,
,,,,,,,,,,trapaça,,terrorista,,,,,,,,,,,,,,,,,,,,,,,,,,,,,,,,,,,,,,,importante,
,,,,,,,,,,trapacear,,tortuosamente,,,,,,,,,,,,,,,,,,,,,,,,,,,,,,,,,,,,,,,impressão,
,,,,,,,,,,trapaceiro,,tortuosidade,,,,,,,,,,,,,,,,,,,,,,,,,,,,,,,,,,,,,,,impressionante,
,,,,,,,,,,troça,,tortuoso,,,,,,,,,,,,,,,,,,,,,,,,,,,,,,,,,,,,,,,impressionar,
,,,,,,,,,,troçar,,tortura,,,,,,,,,,,,,,,,,,,,,,,,,,,,,,,,,,,,,,,impressionável,
,,,,,,,,,,vaiar,,torturante,,,,,,,,,,,,,,,,,,,,,,,,,,,,,,,,,,,,,,,impulsão,
,,,,,,,,,,vão,,torturar,,,,,,,,,,,,,,,,,,,,,,,,,,,,,,,,,,,,,,,impulsivamente,
,,,,,,,,,,vilipendiar,,usurpação,,,,,,,,,,,,,,,,,,,,,,,,,,,,,,,,,,,,,,,impulsividade,
,,,,,,,,,,vilipêndio,,usurpador,,,,,,,,,,,,,,,,,,,,,,,,,,,,,,,,,,,,,,,impulsivo,
,,,,,,,,,,zombar,,usurpar,,,,,,,,,,,,,,,,,,,,,,,,,,,,,,,,,,,,,,,inferir,
,,,,,,,,,,,,veneno,,,,,,,,,,,,,,,,,,,,,,,,,,,,,,,,,,,,,,,inspiração,
,,,,,,,,,,,,venenoso,,,,,,,,,,,,,,,,,,,,,,,,,,,,,,,,,,,,,,,inspirado,
,,,,,,,,,,,,víbora,,,,,,,,,,,,,,,,,,,,,,,,,,,,,,,,,,,,,,,inspirar,
,,,,,,,,,,,,violador,,,,,,,,,,,,,,,,,,,,,,,,,,,,,,,,,,,,,,,inteligência,
,,,,,,,,,,,,violentar,,,,,,,,,,,,,,,,,,,,,,,,,,,,,,,,,,,,,,,inteligente,